"horizon","mean_ae","mean_is","mean_wis","coverage_95","rmse","mae","mape","model_name"
1,131.178678432478,872.484523865678,374.796224092793,0.888888888888889,175.874283396659,131.178678432478,15.7050016753333,"BART_2011_tempumid_alllags_tempcomp_humidrisk_andbothcombined_boxcoxtransform_sparse"
2,168.038350034041,1109.18737406057,480.10957152583,0.822222222222222,238.614525642625,168.038350034041,18.0289727602227,"BART_2011_tempumid_alllags_tempcomp_humidrisk_andbothcombined_boxcoxtransform_sparse"
3,201.193353751071,1632.45511749414,574.83815357449,0.777777777777778,285.651093918971,201.193353751071,21.3336764482561,"BART_2011_tempumid_alllags_tempcomp_humidrisk_andbothcombined_boxcoxtransform_sparse"
4,280.039933834144,3008.00387130826,800.114096668983,0.666666666666667,380.530686553304,280.039933834144,29.4483383038445,"BART_2011_tempumid_alllags_tempcomp_humidrisk_andbothcombined_boxcoxtransform_sparse"
